variable,endpoint,group_a,group_b,n_a,n_b,mean_a,mean_b,mean_difference,p_two_sided,permutations
Gender,Run1Time,Male,Female,10,2,97.691,117.9185,-20.227499999999992,0.5454545454545454,66
Gender,Run1To2Change,Male,Female,10,2,-41.349599999999995,-6.212000000000003,-35.13759999999999,0.09090909090909091,66
Gender,Run1To3Change,Male,Female,10,2,-30.894000000000005,-46.684,15.789999999999992,0.21212121212121213,66
Program,Run1Time,Industrial Engineering,Computer Engineering,7,5,78.91557142857144,132.0676,-53.15202857142856,0.017676767676767676,792
Program,Run1To2Change,Industrial Engineering,Computer Engineering,7,5,-26.642857142857146,-47.884,21.241142857142854,0.17045454545454544,792
Program,Run1To3Change,Industrial Engineering,Computer Engineering,7,5,-29.955000000000002,-38.5246,8.569599999999998,0.37752525252525254,792
FirstTimeVR,Run1Time,False,True,2,10,44.658,112.3431,-67.6851,0.030303030303030304,66
FirstTimeVR,Run1To2Change,False,True,2,10,-19.836,-38.62480000000001,18.78880000000001,0.3484848484848485,66
FirstTimeVR,Run1To3Change,False,True,2,10,-13.807500000000001,-37.46930000000001,23.66180000000001,0.045454545454545456,66
