comparison,n_nonzero,mean_delta,median_delta,raw_p,rank_biserial,holm_p
Guided vs Autonomous,11,0.5694444444444443,0.25,0.0166015625,0.8181818181818182,0.033203125
Guided vs Stress,9,0.625,0.3333333333333335,0.00390625,1.0,0.01171875
Autonomous vs Stress,8,0.05555555555555566,0.08333333333333348,0.4375,0.3888888888888889,0.4375
