scale,items,session_blocks,cronbach_alpha
Workload,5,36,0.8177635473282031
Learning/autonomy,6,36,0.8445602206558379
Presence/realism,5,36,0.7221947602570439
VR symptoms,6,36,0.7579768560655311
Guidance/adaptation,5,36,0.6450898937619176
Acceptance,3,36,0.8403409090909092
